B200_Operator,B200_Raw_Kernel,B200_Stream,B200_Avg_us,B200_Overlap_us,B200_Overlap_With,MI355X_Module,MI355X_Kernel,MI355X_Avg_us,Notes
EP_AR+residual+RMSNorm(fused),flashinfer::trtllm_allreduce_fusion::allreduce_fusion_kernel_oneshot_lamport<...,23,25.6,0.0,qkv_a_proj_GEMM(pdl):23.8μs,input_layernorm,"void aiter::reduce_scatter_cross_device_store<std::bfloat16_t, 4>(aiter::RankData*, aiter::RankSignals, aiter::Signal*, int, int)",33.10,
,,,,,,,"void aiter::local_device_load_rmsnorm<std::bfloat16_t, 512, 2>(aiter::RankSignals, std::bfloat16_t*, std::bfloat16_t*, std::bfloat16_t*, std::bfloat16_t*, float, int, int, int)",4.77,MI355X only (comm_pre_attn)
,,,,,,per_token_quant_hip,_ZN5aiter37dynamic_per_token_scaled_quant_kernelIDF16bDB8_Li32EEEvPT0_PfPT_PKfiPKii,4.11,MI355X only (mla_input_quant)
qkv_a_proj_GEMM,nvjet_tst_64x32_64x16_2x1_2cta_v_bz_splitK_TNT,23,31.7,0.0,EP_AR+residual+RMSNorm(fused)(pdl):23.8μs | qkv_a_splitK_reduce(pdl):1.5μs,gemm_a8w8_bpreshuffle,"void ck::kernel_gemm_xdl_cshuffle_v3_multi_d_b_preshuffle<ck::GridwiseGemmMultiD_xdl_cshuffle_v3_b_preshuffle<ck::tensor_layout::gemm::RowMajor, ck::tensor_layout::gemm::ColumnMajor, ck::Tuple<ck::tensor_layout::gemm::RowMajor, ck::tensor_layout::gemm::ColumnMajor>, ck::tensor_layout::gemm::RowMajor, ck::f8_fnuz_t, ck::f8_fnuz_t, float, float, ck::Tuple<float, float>, unsigned short, ck::tensor_operation::element_wise::PassThrough, ck::tensor_operation::element_wise::PassThrough, MultiplyMultiply, (ck::tensor_operation::device::GemmSpecialization)0, 128, 16, 32, 512, 16, 16, 16, 16, 1, 1, ck::Sequence<32, 4, 1>, ck::Sequence<1, 0, 2>, ck::Sequence<1, 0, 2>, 2, 16, 16, false, 0, ck::Sequence<32, 4, 1>, ck::Sequence<1, 0, 2>, ck::Sequence<1, 0, 2>, 2, 16, 16, false, 0, 1, 1, ck::Sequence<1, 16, 1, 8>, ck::Sequence<4, 4, 1>, (ck::BlockGemmPipelineScheduler)0, (ck::BlockGemmPipelineVersion)0, ck::f8_fnuz_t, ck::f8_fnuz_t, ck::f8_fnuz_t, ck::f8_fnuz_t>, true, (ck::InMemoryDataOperationEnum)0, 2, (ck::TailNumber)1>(ck::GridwiseGemmMultiD_xdl_cshuffle_v3_b_preshuffle<ck::tensor_layout::gemm::RowMajor, ck::tensor_layout::gemm::ColumnMajor, ck::Tuple<ck::tensor_layout::gemm::RowMajor, ck::tensor_layout::gemm::ColumnMajor>, ck::tensor_layout::gemm::RowMajor, ck::f8_fnuz_t, ck::f8_fnuz_t, float, float, ck::Tuple<float, float>, unsigned short, ck::tensor_operation::element_wise::PassThrough, ck::tensor_operation::element_wise::PassThrough, MultiplyMultiply, (ck::tensor_operation::device::GemmSpecialization)0, 128, 16, 32, 512, 16, 16, 16, 16, 1, 1, ck::Sequence<32, 4, 1>, ck::Sequence<1, 0, 2>, ck::Sequence<1, 0, 2>, 2, 16, 16, false, 0, ck::Sequence<32, 4, 1>, ck::Sequence<1, 0, 2>, ck::Sequence<1, 0, 2>, 2, 16, 16, false, 0, 1, 1, ck::Sequence<1, 16, 1, 8>, ck::Sequence<4, 4, 1>, (ck::BlockGemmPipelineScheduler)0, (ck::BlockGemmPipelineVersion)0, ck::f8_fnuz_t, ck::f8_fnuz_t, ck::f8_fnuz_t, ck::f8_fnuz_t>::Argument)",10.94,
qkv_a_splitK_reduce,cublasLt::splitKreduce_kernel<...>,23,3.8,0.0,qkv_a_proj_GEMM(pdl):1.5μs | q/k_norm_RMSNorm(pdl):1.2μs,,,,B200 only
q/k_norm_RMSNorm,flashinfer::norm::RMSNormKernel<...>,23,3.2,1.5,q/k_norm_RMSNorm(dual_stream):1.5μs | qkv_a_splitK_reduce(pdl):1.2μs,q_proj_and_k_up_proj,_ZN5aiter35fused_qk_rmsnorm_group_quant_kernelIDF16bDB8_Li128ELi16ELi8ELb0ELb0ELb0EEEvPT0_PvPT_S6_S6_PKS5_S8_S8_S8_S8_ffiiiiiiiiiiiii,4.20,
q/k_norm_RMSNorm,flashinfer::norm::RMSNormKernel<...>,385,2.4,1.5,q/k_norm_RMSNorm(dual_stream):1.5μs,,,,B200 only
q_b_proj_GEMM,nvjet_tst_48x64_64x15_4x1_v_bz_TNN,23,6.4,0.0,uk_gemm(K_expansion)(pdl):1.4μs,,"void ck::kernel_gemm_xdl_cshuffle_v3_multi_d_b_preshuffle<ck::GridwiseGemmMultiD_xdl_cshuffle_v3_b_preshuffle<ck::tensor_layout::gemm::RowMajor, ck::tensor_layout::gemm::ColumnMajor, ck::Tuple<ck::tensor_layout::gemm::RowMajor, ck::tensor_layout::gemm::ColumnMajor>, ck::tensor_layout::gemm::RowMajor, ck::f8_fnuz_t, ck::f8_fnuz_t, float, float, ck::Tuple<float, float>, unsigned short, ck::tensor_operation::element_wise::PassThrough, ck::tensor_operation::element_wise::PassThrough, MultiplyMultiply, (ck::tensor_operation::device::GemmSpecialization)0, 256, 32, 64, 256, 16, 16, 16, 16, 2, 1, ck::Sequence<16, 16, 1>, ck::Sequence<1, 0, 2>, ck::Sequence<1, 0, 2>, 2, 16, 16, false, 0, ck::Sequence<16, 16, 1>, ck::Sequence<1, 0, 2>, ck::Sequence<1, 0, 2>, 2, 16, 16, false, 0, 2, 1, ck::Sequence<1, 32, 1, 8>, ck::Sequence<8, 8, 1>, (ck::BlockGemmPipelineScheduler)0, (ck::BlockGemmPipelineVersion)0, ck::f8_fnuz_t, ck::f8_fnuz_t, ck::f8_fnuz_t, ck::f8_fnuz_t>, true, (ck::InMemoryDataOperationEnum)0, 2, (ck::TailNumber)1>(ck::GridwiseGemmMultiD_xdl_cshuffle_v3_b_preshuffle<ck::tensor_layout::gemm::RowMajor, ck::tensor_layout::gemm::ColumnMajor, ck::Tuple<ck::tensor_layout::gemm::RowMajor, ck::tensor_layout::gemm::ColumnMajor>, ck::tensor_layout::gemm::RowMajor, ck::f8_fnuz_t, ck::f8_fnuz_t, float, float, ck::Tuple<float, float>, unsigned short, ck::tensor_operation::element_wise::PassThrough, ck::tensor_operation::element_wise::PassThrough, MultiplyMultiply, (ck::tensor_operation::device::GemmSpecialization)0, 256, 32, 64, 256, 16, 16, 16, 16, 2, 1, ck::Sequence<16, 16, 1>, ck::Sequence<1, 0, 2>, ck::Sequence<1, 0, 2>, 2, 16, 16, false, 0, ck::Sequence<16, 16, 1>, ck::Sequence<1, 0, 2>, ck::Sequence<1, 0, 2>, 2, 16, 16, false, 0, 2, 1, ck::Sequence<1, 32, 1, 8>, ck::Sequence<8, 8, 1>, (ck::BlockGemmPipelineScheduler)0, (ck::BlockGemmPipelineVersion)0, ck::f8_fnuz_t, ck::f8_fnuz_t, ck::f8_fnuz_t, ck::f8_fnuz_t>::Argument)",7.07,
uk_gemm(K_expansion),nvjet_tst_128x64_64x8_4x1_v_bz_TNT,23,4.5,0.0,q_b_proj_GEMM(pdl):1.4μs,,_batched_gemm_a8w8_a_per_token_group_prequant_w_per_batched_tensor_quant_kernel_HAS_BIAS_0_BLOCK_SIZE_M_32_BLOCK_SIZE_N_128_BLOCK_SIZE_K_128_GROUP_SIZE_M_1_EVEN_K_1_EVEN_MN_1_cache_modifier_CG,4.64,
RoPE+KV_cache_write,flashinfer::RopeQuantizeKernel<...>,23,2.7,0.0,,rope_and_kv_cache,_ZN5aiter49fuse_qk_rope_concat_and_cache_mla_per_head_kernelIDF16bDB8_S1_LN4vllm18Fp8KVCacheDataTypeE1ELS3_1ELi8EEEvPKT_S6_S6_S6_PT0_PT1_PKlSC_S6_S6_iiiiiiiiiiiiiiPKfSE_bb,4.54,
set_mla_kv,set_mla_kv_buffer_kernel,23,1.7,0.0,,,,,B200 only
Attention(FMHA),fmhaSm100fKernel_QkvE4m3OBfloat16HQk576HV512PagedKvDenseP64VarSeqQ16Kv128Persist,23,19.7,0.0,,mla_decode,aiter::mla_a8w8_qh16_qseqlen1_gqaratio16_ps,26.06,
,,,,,,,"void kn_mla_reduce_v1_ps<MlaReduceKernelV1Traits<512, 16, 1>, float, std::bfloat16_t>(MlaReduceKernelV1Params)",5.89,MI355X only (mla_attn)
uv_gemm(V_expansion),nvjet_tst_64x32_64x16_2x2_2cta_h_bz_TNT,23,3.9,0.0,,v_up_proj_and_o_proj,_batched_gemm_a8w8_a_per_token_group_prequant_w_per_batched_tensor_quant_kernel_HAS_BIAS_0_BLOCK_SIZE_M_32_BLOCK_SIZE_N_64_BLOCK_SIZE_K_128_GROUP_SIZE_M_1_EVEN_K_1_EVEN_MN_1_cache_modifier_CG,5.91,
o_proj_quant(BF16→FP4),cvt_fp16_to_fp4<...>,23,2.2,0.0,,per_token_quant_hip,_ZN5aiter37dynamic_per_token_scaled_quant_kernelIDF16bDB8_Li16EEEvPT0_PfPT_PKfiPKii,4.24,
o_proj_GEMM,_ZN7cutlass13device_kernelIN10flashinfer4gemm58DeviceGemmFp4GemmSm100___nv_bfloa,23,9.5,0.0,EP_AR+residual+RMSNorm(fused)(pdl):0.2μs,v_up_proj_and_o_proj,_ZN7ck_tile6kentryILi2ENS_12FlatmmKernelINS_33GemmSpatiallyLocalTilePartitionerINS_13TileGemmShapeINS_8sequenceIJLi32ELi64ELi512EEEENS4_IJLi1ELi4ELi1EEEENS4_IJLi16ELi16ELi128EEEELb0ELb0EEELi8ELi4EEENS_30FlatmmPipelineAGmemBGmemCRegV1INS_21FlatmmPipelineProblemIDB8_SC_fS8_NS_23TileGemmUniversalTraitsILb0ELb0ELb0ELb0ENS_13tensor_layout4gemm8RowMajorENSF_11ColumnMajorESG_Lb0ELb0ELb0ELi1ELb1ELi16EEELNS_21GemmPipelineSchedulerE0ELb1ELNS_10TailNumberE1ELNS_25amd_buffer_coherence_enumE0ELb0ESC_EENS_35UniversalFlatmmPipelineAgBgCrPolicyEEENS_16CShuffleEpilogueINS_23CShuffleEpilogueProblemISC_SC_NS_5tupleIJEEEfDF16bSS_SG_NS_12element_wise11PassThroughELi32ELi64ELi1ELi4ELi16ELi16ELi128ELb0ELi1ELb0ELi1ELb0ELi1ELb0EEEvEEEEJNS_16FlatmmKernelArgsINS_18FlatmmScalePointerILi1ELi0EfEES10_Li0EEEEEEvDpT1_,11.27,
EP_AR+residual+RMSNorm(fused),flashinfer::trtllm_allreduce_fusion::allreduce_fusion_kernel_oneshot_lamport<...,23,11.0,9.2,router_GEMM(dual_stream):9.2μs | o_proj_GEMM(pdl):0.2μs,post_attn_layernorm,"void aiter::reduce_scatter_cross_device_store<std::bfloat16_t, 4>(aiter::RankData*, aiter::RankSignals, aiter::Signal*, int, int)",13.04,
,,,,,,,"void aiter::local_device_load_rmsnorm<std::bfloat16_t, 512, 2>(aiter::RankSignals, std::bfloat16_t*, std::bfloat16_t*, std::bfloat16_t*, std::bfloat16_t*, float, int, int, int)",4.47,MI355X only (comm_pre_moe)
router_GEMM,nvjet_tst_64x32_64x16_2x2_2cta_h_bz_splitK_TNT,385,13.5,12.9,EP_AR+residual+RMSNorm(fused)(dual_stream):9.2μs | shared_quant(BF16→FP4)(dual_stream):2.5μs | router_splitK_reduce(pdl):1.4μs | shared_GEMM(FP4)(dual_stream):1.2μs,gemm_a16w16,aiter::bf16gemm_fp32bf16_tn_64x64_splitk_clean,8.30,
router_splitK_reduce,cublasLt::splitKreduce_kernel<...>,385,3.6,3.5,shared_GEMM(FP4)(dual_stream):3.4μs | router_GEMM(pdl):1.4μs | MoE_input_quant(BF16→FP4)(pdl):1.4μs | shared_quant(BF16→FP4)(dual_stream):0.3μs,,,,B200 only
shared_quant(BF16→FP4),cvt_fp16_to_fp4<...>,23,2.5,2.6,router_GEMM(dual_stream):2.5μs | router_splitK_reduce(dual_stream):0.3μs,mxfp4_moe,"void aiter::grouped_topk_opt_sort_kernel<c10::BFloat16, float __vector(4), 8, true, true, false>(c10::BFloat16*, c10::BFloat16 const*, float*, int*, unsigned long, int, int, int, int, float)",4.08,
shared_GEMM(FP4),_ZN7cutlass13device_kernelIN10flashinfer4gemm57DeviceGemmFp4GemmSm100___nv_bfloa,23,10.0,11.9,MoE_input_quant(BF16→FP4)(dual_stream):3.8μs | router_splitK_reduce(dual_stream):3.4μs | tensor_copy(dual_stream):3.0μs | router_GEMM(dual_stream):1.2μs | TopK_select(dual_stream):0.8μs,,"void ck_tile::kentry<2, ck_tile::MoeSortingMultiPhaseKernel_P0_v2<ck_tile::MoeSortingProblemMp<int, float, int, 1, true, false, true> >, ck_tile::MoeSortingMultiPhaseKernel_P0_v2<ck_tile::MoeSortingProblemMp<int, float, int, 1, true, false, true> >::Kargs>(ck_tile::MoeSortingMultiPhaseKernel_P0_v2<ck_tile::MoeSortingProblemMp<int, float, int, 1, true, false, true> >::Kargs)",4.02,
MoE_input_quant(BF16→FP4),tensorrt_llm::kernels::quantize_with_block_size<...>,385,3.8,3.8,shared_GEMM(FP4)(dual_stream):3.8μs | router_splitK_reduce(pdl):1.4μs,,"void ck_tile::kentry<2, ck_tile::MoeSortingMultiPhaseKernel_P23<ck_tile::MoeSortingProblemMp<int, float, int, 1, true, false, true> >, ck_tile::MoeSortingMultiPhaseKernel_P23<ck_tile::MoeSortingProblemMp<int, float, int, 1, true, false, true> >::Kargs>(ck_tile::MoeSortingMultiPhaseKernel_P23<ck_tile::MoeSortingProblemMp<int, float, int, 1, true, false, true> >::Kargs)",4.64,
tensor_copy,at::native::unrolled_elementwise_kernel<...>,385,3.4,3.2,shared_GEMM(FP4)(dual_stream):3.0μs,,"void aiter::mxfp4_quant_moe_sort_kernel<std::bfloat16_t, opus::fp4_t, 256, 32>(opus::fp4_t*, unsigned char*, std::bfloat16_t const*, int const*, int const*, int, int, int, int, int, int, int, int, int)",4.65,
TopK_select,moe::dev::routing::routingDeepSeek::routingMainKernel<...>,385,4.5,3.8,expert_sort(pdl):2.4μs | SiLU×Mul(dual_stream):2.3μs | shared_quant(BF16→FP4)(dual_stream):1.5μs | shared_GEMM(FP4)(dual_stream):0.6μs,,"void ck::kernel_moe_mxgemm_2lds<ck::GridwiseMoeGemmMX_BPreshuffle<ck::tensor_layout::gemm::RowMajor, ck::tensor_layout::gemm::ColumnMajor, ck::Tuple<ck::tensor_layout::gemm::RowMajor, ck::tensor_layout::gemm::ColumnMajor, ck::tensor_layout::gemm::RowMajor>, ck::tensor_layout::gemm::RowMajor, ck::f4x2_pk_t, ck::e8m0_bexp_t, ck::f4x2_pk_t, ck::e8m0_bexp_t, float, float, ck::Tuple<float, float, float>, unsigned short, ck::tensor_operation::element_wise::PassThrough, ck::tensor_operation::element_wise::PassThrough, MulABScaleShuffled, (ck::tensor_operation::device::GemmSpecialization)0, 32, 256, 64, 128, 128, 16, 16, 16, 16, 4, 2, ck::Sequence<8, 32, 1>, ck::Sequence<1, 0, 2>, ck::Sequence<1, 0, 2>, 2, 16, 16, false, 1, ck::Sequence<8, 32, 1>, ck::Sequence<1, 0, 2>, ck::Sequence<1, 0, 2>, 2, 16, 16, false, 1, 2, 2, ck::Sequence<1, 32, 1, 8>, ck::Sequence<8, 1, 8>, (ck::BlockGemmPipelineScheduler)0, (ck::BlockGemmPipelineVersion)2, 1, false, true, false, int, ck::f4x2_pk_t, ck::f4x2_pk_t>, true, (ck::InMemoryDataOperationEnum)0, 2, (ck::TailNumber)1>(ck::GridwiseMoeGemmMX_BPreshuffle<ck::tensor_layout::gemm::RowMajor, ck::tensor_layout::gemm::ColumnMajor, ck::Tuple<ck::tensor_layout::gemm::RowMajor, ck::tensor_layout::gemm::ColumnMajor, ck::tensor_layout::gemm::RowMajor>, ck::tensor_layout::gemm::RowMajor, ck::f4x2_pk_t, ck::e8m0_bexp_t, ck::f4x2_pk_t, ck::e8m0_bexp_t, float, float, ck::Tuple<float, float, float>, unsigned short, ck::tensor_operation::element_wise::PassThrough, ck::tensor_operation::element_wise::PassThrough, MulABScaleShuffled, (ck::tensor_operation::device::GemmSpecialization)0, 32, 256, 64, 128, 128, 16, 16, 16, 16, 4, 2, ck::Sequence<8, 32, 1>, ck::Sequence<1, 0, 2>, ck::Sequence<1, 0, 2>, 2, 16, 16, false, 1, ck::Sequence<8, 32, 1>, ck::Sequence<1, 0, 2>, ck::Sequence<1, 0, 2>, 2, 16, 16, false, 1, 2, 2, ck::Sequence<1, 32, 1, 8>, ck::Sequence<8, 1, 8>, (ck::BlockGemmPipelineScheduler)0, (ck::BlockGemmPipelineVersion)2, 1, false, true, false, int, ck::f4x2_pk_t, ck::f4x2_pk_t>::Argument)",125.97,
SiLU×Mul,flashinfer::activation::act_and_mul_kernel<...>,23,2.9,4.0,TopK_select(dual_stream):2.3μs | expert_sort(dual_stream):2.0μs,,"void aiter::mxfp4_quant_moe_sort_kernel<std::bfloat16_t, opus::fp4_t, 256, 8>(opus::fp4_t*, unsigned char*, std::bfloat16_t const*, int const*, int const*, int, int, int, int, int, int, int, int, int)",4.80,
expert_sort,moe::dev::routing::routingDeepSeek::routingIndicesClusterKernel<...>,385,5.2,4.7,TopK_select(pdl):2.4μs | SiLU×Mul(dual_stream):2.0μs | shared_quant(BF16→FP4)(dual_stream):1.8μs | shared_GEMM(FP4)(dual_stream):1.7μs | gate_up_GEMM(+SwiGLU)(pdl):0.2μs,,"void ck::kernel_moe_mxgemm_2lds<ck::GridwiseMoeGemmMX_BPreshuffle<ck::tensor_layout::gemm::RowMajor, ck::tensor_layout::gemm::ColumnMajor, ck::Tuple<ck::tensor_layout::gemm::RowMajor, ck::tensor_layout::gemm::ColumnMajor, ck::tensor_layout::gemm::RowMajor>, ck::tensor_layout::gemm::RowMajor, ck::f4x2_pk_t, ck::e8m0_bexp_t, ck::f4x2_pk_t, ck::e8m0_bexp_t, float, float, ck::Tuple<float, float, float>, unsigned short, ck::tensor_operation::element_wise::PassThrough, ck::tensor_operation::element_wise::PassThrough, MulABScaleExpertWeightShuffled, (ck::tensor_operation::device::GemmSpecialization)0, 32, 256, 64, 128, 128, 16, 16, 16, 16, 4, 2, ck::Sequence<8, 32, 1>, ck::Sequence<1, 0, 2>, ck::Sequence<1, 0, 2>, 2, 16, 16, false, 1, ck::Sequence<8, 32, 1>, ck::Sequence<1, 0, 2>, ck::Sequence<1, 0, 2>, 2, 16, 16, false, 1, 2, 2, ck::Sequence<1, 8, 1, 32>, ck::Sequence<2, 1, 2>, (ck::BlockGemmPipelineScheduler)0, (ck::BlockGemmPipelineVersion)2, 0, false, false, true, int, ck::f4x2_pk_t, ck::f4x2_pk_t>, true, (ck::InMemoryDataOperationEnum)1, 2, (ck::TailNumber)1>(ck::GridwiseMoeGemmMX_BPreshuffle<ck::tensor_layout::gemm::RowMajor, ck::tensor_layout::gemm::ColumnMajor, ck::Tuple<ck::tensor_layout::gemm::RowMajor, ck::tensor_layout::gemm::ColumnMajor, ck::tensor_layout::gemm::RowMajor>, ck::tensor_layout::gemm::RowMajor, ck::f4x2_pk_t, ck::e8m0_bexp_t, ck::f4x2_pk_t, ck::e8m0_bexp_t, float, float, ck::Tuple<float, float, float>, unsigned short, ck::tensor_operation::element_wise::PassThrough, ck::tensor_operation::element_wise::PassThrough, MulABScaleExpertWeightShuffled, (ck::tensor_operation::device::GemmSpecialization)0, 32, 256, 64, 128, 128, 16, 16, 16, 16, 4, 2, ck::Sequence<8, 32, 1>, ck::Sequence<1, 0, 2>, ck::Sequence<1, 0, 2>, 2, 16, 16, false, 1, ck::Sequence<8, 32, 1>, ck::Sequence<1, 0, 2>, ck::Sequence<1, 0, 2>, 2, 16, 16, false, 1, 2, 2, ck::Sequence<1, 8, 1, 32>, ck::Sequence<2, 1, 2>, (ck::BlockGemmPipelineScheduler)0, (ck::BlockGemmPipelineVersion)2, 0, false, false, true, int, ck::f4x2_pk_t, ck::f4x2_pk_t>::Argument)",63.04,
shared_quant(BF16→FP4),cvt_fp16_to_fp4<...>,23,1.9,2.7,expert_sort(dual_stream):1.8μs | TopK_select(dual_stream):1.5μs,,,,B200 only
shared_GEMM(FP4),_ZN7cutlass13device_kernelIN10flashinfer4gemm57DeviceGemmFp4GemmSm100___nv_bfloa,23,5.2,5.4,gate_up_GEMM(+SwiGLU)(dual_stream):3.0μs | expert_sort(dual_stream):1.7μs,,,,B200 only
gate_up_GEMM(+SwiGLU),bmm_E2m1_E2m1E2m1_Fp32_bA16_bB16_bC16_t128x16x512_s5_et128x16_m128x16x64_cga1x1x,385,102.9,3.1,shared_GEMM(FP4)(dual_stream):3.0μs | down_GEMM(pdl):0.5μs | expert_sort(pdl):0.2μs,,,,B200 only
down_GEMM,bmm_Bfloat16_E2m1E2m1_Fp32_bA16_bB16_t128x16x256_s6_et128x16_m128x16x64_cga1x1x1,385,56.4,0.8,MoE_finalize+residual(pdl):0.6μs | gate_up_GEMM(+SwiGLU)(pdl):0.5μs,,,,B200 only
MoE_finalize+residual,moe::dev::finalize::finalizeKernelVecLoad<...>,385,7.5,0.0,down_GEMM(pdl):0.6μs,,,,B200 only
residual_add,at::native::vectorized_elementwise_kernel<...>,23,2.1,0.0,,,,,B200 only

B200 TOTAL (kernel_sum),,,353.7,,,MI355X TOTAL,,363.75,
B200 Walltime,,,288.5,,,,,,
B200 Overlap,,,64.9,,,,,,64.9us overlap = 18.3% of kernel sum

,Silicon NV,Silicon AMD,,,,,,,
PASS,B200,MI355X,gap,NV_Kernels,AMD_Kernels,,,,
EP_AR_before_MHA,25.6,37.87,+12.3,flashinfer::trtllm_allreduce_fusion::allreduce_fusion_kernel_oneshot_lamport<...,"void aiter::reduce_scatter_cross_device_store<std::bfloat16_t, 4>(aiter::RankData*, aiter::RankSignals, aiter::Signal*, int, int)
void aiter::local_device_load_rmsnorm<std::bfloat16_t, 512, 2>(aiter::RankSignals, std::bfloat16_t*, std::bfloat16_t*, std::bfloat16_t*, std::bfloat16_t*, float, int, int, int)",,,,
MHA,76.1,84.64,+8.5,"nvjet_tst_64x32_64x16_2x1_2cta_v_bz_splitK_TNT
cublasLt::splitKreduce_kernel<...>
flashinfer::norm::RMSNormKernel<...>
flashinfer::norm::RMSNormKernel<...>
nvjet_tst_48x64_64x15_4x1_v_bz_TNN
nvjet_tst_128x64_64x8_4x1_v_bz_TNT
flashinfer::RopeQuantizeKernel<...>
set_mla_kv_buffer_kernel
fmhaSm100fKernel_QkvE4m3OBfloat16HQk576HV512PagedKvDenseP64VarSeqQ16Kv128Persist","_ZN5aiter37dynamic_per_token_scaled_quant_kernelIDF16bDB8_Li32EEEvPT0_PfPT_PKfiPKii
void ck::kernel_gemm_xdl_cshuffle_v3_multi_d_b_preshuffle<ck::GridwiseGemmMultiD_xdl_cshuffle_v3_b_preshuffle<ck::tensor_layout::gemm::RowMajor, ck::tensor_layout::gemm::ColumnMajor, ck::Tuple<ck::tensor_layout::gemm::RowMajor, ck::tensor_layout::gemm::ColumnMajor>, ck::tensor_layout::gemm::RowMajor, ck::f8_fnuz_t, ck::f8_fnuz_t, float, float, ck::Tuple<float, float>, unsigned short, ck::tensor_operation::element_wise::PassThrough, ck::tensor_operation::element_wise::PassThrough, MultiplyMultiply, (ck::tensor_operation::device::GemmSpecialization)0, 128, 16, 32, 512, 16, 16, 16, 16, 1, 1, ck::Sequence<32, 4, 1>, ck::Sequence<1, 0, 2>, ck::Sequence<1, 0, 2>, 2, 16, 16, false, 0, ck::Sequence<32, 4, 1>, ck::Sequence<1, 0, 2>, ck::Sequence<1, 0, 2>, 2, 16, 16, false, 0, 1, 1, ck::Sequence<1, 16, 1, 8>, ck::Sequence<4, 4, 1>, (ck::BlockGemmPipelineScheduler)0, (ck::BlockGemmPipelineVersion)0, ck::f8_fnuz_t, ck::f8_fnuz_t, ck::f8_fnuz_t, ck::f8_fnuz_t>, true, (ck::InMemoryDataOperationEnum)0, 2, (ck::TailNumber)1>(ck::GridwiseGemmMultiD_xdl_cshuffle_v3_b_preshuffle<ck::tensor_layout::gemm::RowMajor, ck::tensor_layout::gemm::ColumnMajor, ck::Tuple<ck::tensor_layout::gemm::RowMajor, ck::tensor_layout::gemm::ColumnMajor>, ck::tensor_layout::gemm::RowMajor, ck::f8_fnuz_t, ck::f8_fnuz_t, float, float, ck::Tuple<float, float>, unsigned short, ck::tensor_operation::element_wise::PassThrough, ck::tensor_operation::element_wise::PassThrough, MultiplyMultiply, (ck::tensor_operation::device::GemmSpecialization)0, 128, 16, 32, 512, 16, 16, 16, 16, 1, 1, ck::Sequence<32, 4, 1>, ck::Sequence<1, 0, 2>, ck::Sequence<1, 0, 2>, 2, 16, 16, false, 0, ck::Sequence<32, 4, 1>, ck::Sequence<1, 0, 2>, ck::Sequence<1, 0, 2>, 2, 16, 16, false, 0, 1, 1, ck::Sequence<1, 16, 1, 8>, ck::Sequence<4, 4, 1>, (ck::BlockGemmPipelineScheduler)0, (ck::BlockGemmPipelineVersion)0, ck::f8_fnuz_t, ck::f8_fnuz_t, ck::f8_fnuz_t, ck::f8_fnuz_t>::Argument)
_ZN5aiter35fused_qk_rmsnorm_group_quant_kernelIDF16bDB8_Li128ELi16ELi8ELb0ELb0ELb0EEEvPT0_PvPT_S6_S6_PKS5_S8_S8_S8_S8_ffiiiiiiiiiiiii
void ck::kernel_gemm_xdl_cshuffle_v3_multi_d_b_preshuffle<ck::GridwiseGemmMultiD_xdl_cshuffle_v3_b_preshuffle<ck::tensor_layout::gemm::RowMajor, ck::tensor_layout::gemm::ColumnMajor, ck::Tuple<ck::tensor_layout::gemm::RowMajor, ck::tensor_layout::gemm::ColumnMajor>, ck::tensor_layout::gemm::RowMajor, ck::f8_fnuz_t, ck::f8_fnuz_t, float, float, ck::Tuple<float, float>, unsigned short, ck::tensor_operation::element_wise::PassThrough, ck::tensor_operation::element_wise::PassThrough, MultiplyMultiply, (ck::tensor_operation::device::GemmSpecialization)0, 256, 32, 64, 256, 16, 16, 16, 16, 2, 1, ck::Sequence<16, 16, 1>, ck::Sequence<1, 0, 2>, ck::Sequence<1, 0, 2>, 2, 16, 16, false, 0, ck::Sequence<16, 16, 1>, ck::Sequence<1, 0, 2>, ck::Sequence<1, 0, 2>, 2, 16, 16, false, 0, 2, 1, ck::Sequence<1, 32, 1, 8>, ck::Sequence<8, 8, 1>, (ck::BlockGemmPipelineScheduler)0, (ck::BlockGemmPipelineVersion)0, ck::f8_fnuz_t, ck::f8_fnuz_t, ck::f8_fnuz_t, ck::f8_fnuz_t>, true, (ck::InMemoryDataOperationEnum)0, 2, (ck::TailNumber)1>(ck::GridwiseGemmMultiD_xdl_cshuffle_v3_b_preshuffle<ck::tensor_layout::gemm::RowMajor, ck::tensor_layout::gemm::ColumnMajor, ck::Tuple<ck::tensor_layout::gemm::RowMajor, ck::tensor_layout::gemm::ColumnMajor>, ck::tensor_layout::gemm::RowMajor, ck::f8_fnuz_t, ck::f8_fnuz_t, float, float, ck::Tuple<float, float>, unsigned short, ck::tensor_operation::element_wise::PassThrough, ck::tensor_operation::element_wise::PassThrough, MultiplyMultiply, (ck::tensor_operation::device::GemmSpecialization)0, 256, 32, 64, 256, 16, 16, 16, 16, 2, 1, ck::Sequence<16, 16, 1>, ck::Sequence<1, 0, 2>, ck::Sequence<1, 0, 2>, 2, 16, 16, false, 0, ck::Sequence<16, 16, 1>, ck::Sequence<1, 0, 2>, ck::Sequence<1, 0, 2>, 2, 16, 16, false, 0, 2, 1, ck::Sequence<1, 32, 1, 8>, ck::Sequence<8, 8, 1>, (ck::BlockGemmPipelineScheduler)0, (ck::BlockGemmPipelineVersion)0, ck::f8_fnuz_t, ck::f8_fnuz_t, ck::f8_fnuz_t, ck::f8_fnuz_t>::Argument)
_batched_gemm_a8w8_a_per_token_group_prequant_w_per_batched_tensor_quant_kernel_HAS_BIAS_0_BLOCK_SIZE_M_32_BLOCK_SIZE_N_128_BLOCK_SIZE_K_128_GROUP_SIZE_M_1_EVEN_K_1_EVEN_MN_1_cache_modifier_CG
_ZN5aiter49fuse_qk_rope_concat_and_cache_mla_per_head_kernelIDF16bDB8_S1_LN4vllm18Fp8KVCacheDataTypeE1ELS3_1ELi8EEEvPKT_S6_S6_S6_PT0_PT1_PKlSC_S6_S6_iiiiiiiiiiiiiiPKfSE_bb
aiter::mla_a8w8_qh16_qseqlen1_gqaratio16_ps
void kn_mla_reduce_v1_ps<MlaReduceKernelV1Traits<512, 16, 1>, float, std::bfloat16_t>(MlaReduceKernelV1Params)
_batched_gemm_a8w8_a_per_token_group_prequant_w_per_batched_tensor_quant_kernel_HAS_BIAS_0_BLOCK_SIZE_M_32_BLOCK_SIZE_N_64_BLOCK_SIZE_K_128_GROUP_SIZE_M_1_EVEN_K_1_EVEN_MN_1_cache_modifier_CG
_ZN7ck_tile6kentryILi2ENS_12FlatmmKernelINS_33GemmSpatiallyLocalTilePartitionerINS_13TileGemmShapeINS_8sequenceIJLi32ELi64ELi512EEEENS4_IJLi1ELi4ELi1EEEENS4_IJLi16ELi16ELi128EEEELb0ELb0EEELi8ELi4EEENS_30FlatmmPipelineAGmemBGmemCRegV1INS_21FlatmmPipelineProblemIDB8_SC_fS8_NS_23TileGemmUniversalTraitsILb0ELb0ELb0ELb0ENS_13tensor_layout4gemm8RowMajorENSF_11ColumnMajorESG_Lb0ELb0ELb0ELi1ELb1ELi16EEELNS_21GemmPipelineSchedulerE0ELb1ELNS_10TailNumberE1ELNS_25amd_buffer_coherence_enumE0ELb0ESC_EENS_35UniversalFlatmmPipelineAgBgCrPolicyEEENS_16CShuffleEpilogueINS_23CShuffleEpilogueProblemISC_SC_NS_5tupleIJEEEfDF16bSS_SG_NS_12element_wise11PassThroughELi32ELi64ELi1ELi4ELi16ELi16ELi128ELb0ELi1ELb0ELi1ELb0ELi1ELb0EEEvEEEEJNS_16FlatmmKernelArgsINS_18FlatmmScalePointerILi1ELi0EfEES10_Li0EEEEEEvDpT1_",,,,
O_proj,15.6,4.24,-11.4,"nvjet_tst_64x32_64x16_2x2_2cta_h_bz_TNT
cvt_fp16_to_fp4<...>
_ZN7cutlass13device_kernelIN10flashinfer4gemm58DeviceGemmFp4GemmSm100___nv_bfloa",_ZN5aiter37dynamic_per_token_scaled_quant_kernelIDF16bDB8_Li16EEEvPT0_PfPT_PKfiPKii,,,,
EP_AR_before_MOE,11.0,17.51,+6.5,flashinfer::trtllm_allreduce_fusion::allreduce_fusion_kernel_oneshot_lamport<...,"void aiter::reduce_scatter_cross_device_store<std::bfloat16_t, 4>(aiter::RankData*, aiter::RankSignals, aiter::Signal*, int, int)
void aiter::local_device_load_rmsnorm<std::bfloat16_t, 512, 2>(aiter::RankSignals, std::bfloat16_t*, std::bfloat16_t*, std::bfloat16_t*, std::bfloat16_t*, float, int, int, int)",,,,
MOE,225.4,219.49,-5.9,"nvjet_tst_64x32_64x16_2x2_2cta_h_bz_splitK_TNT
cublasLt::splitKreduce_kernel<...>
cvt_fp16_to_fp4<...>
_ZN7cutlass13device_kernelIN10flashinfer4gemm57DeviceGemmFp4GemmSm100___nv_bfloa
tensorrt_llm::kernels::quantize_with_block_size<...>
at::native::unrolled_elementwise_kernel<...>
moe::dev::routing::routingDeepSeek::routingMainKernel<...>
flashinfer::activation::act_and_mul_kernel<...>
moe::dev::routing::routingDeepSeek::routingIndicesClusterKernel<...>
cvt_fp16_to_fp4<...>
_ZN7cutlass13device_kernelIN10flashinfer4gemm57DeviceGemmFp4GemmSm100___nv_bfloa
bmm_E2m1_E2m1E2m1_Fp32_bA16_bB16_bC16_t128x16x512_s5_et128x16_m128x16x64_cga1x1x
bmm_Bfloat16_E2m1E2m1_Fp32_bA16_bB16_t128x16x256_s6_et128x16_m128x16x64_cga1x1x1
moe::dev::finalize::finalizeKernelVecLoad<...>
at::native::vectorized_elementwise_kernel<...>","aiter::bf16gemm_fp32bf16_tn_64x64_splitk_clean
void aiter::grouped_topk_opt_sort_kernel<c10::BFloat16, float __vector(4), 8, true, true, false>(c10::BFloat16*, c10::BFloat16 const*, float*, int*, unsigned long, int, int, int, int, float)
void ck_tile::kentry<2, ck_tile::MoeSortingMultiPhaseKernel_P0_v2<ck_tile::MoeSortingProblemMp<int, float, int, 1, true, false, true> >, ck_tile::MoeSortingMultiPhaseKernel_P0_v2<ck_tile::MoeSortingProblemMp<int, float, int, 1, true, false, true> >::Kargs>(ck_tile::MoeSortingMultiPhaseKernel_P0_v2<ck_tile::MoeSortingProblemMp<int, float, int, 1, true, false, true> >::Kargs)
void ck_tile::kentry<2, ck_tile::MoeSortingMultiPhaseKernel_P23<ck_tile::MoeSortingProblemMp<int, float, int, 1, true, false, true> >, ck_tile::MoeSortingMultiPhaseKernel_P23<ck_tile::MoeSortingProblemMp<int, float, int, 1, true, false, true> >::Kargs>(ck_tile::MoeSortingMultiPhaseKernel_P23<ck_tile::MoeSortingProblemMp<int, float, int, 1, true, false, true> >::Kargs)
void aiter::mxfp4_quant_moe_sort_kernel<std::bfloat16_t, opus::fp4_t, 256, 32>(opus::fp4_t*, unsigned char*, std::bfloat16_t const*, int const*, int const*, int, int, int, int, int, int, int, int, int)
void ck::kernel_moe_mxgemm_2lds<ck::GridwiseMoeGemmMX_BPreshuffle<ck::tensor_layout::gemm::RowMajor, ck::tensor_layout::gemm::ColumnMajor, ck::Tuple<ck::tensor_layout::gemm::RowMajor, ck::tensor_layout::gemm::ColumnMajor, ck::tensor_layout::gemm::RowMajor>, ck::tensor_layout::gemm::RowMajor, ck::f4x2_pk_t, ck::e8m0_bexp_t, ck::f4x2_pk_t, ck::e8m0_bexp_t, float, float, ck::Tuple<float, float, float>, unsigned short, ck::tensor_operation::element_wise::PassThrough, ck::tensor_operation::element_wise::PassThrough, MulABScaleShuffled, (ck::tensor_operation::device::GemmSpecialization)0, 32, 256, 64, 128, 128, 16, 16, 16, 16, 4, 2, ck::Sequence<8, 32, 1>, ck::Sequence<1, 0, 2>, ck::Sequence<1, 0, 2>, 2, 16, 16, false, 1, ck::Sequence<8, 32, 1>, ck::Sequence<1, 0, 2>, ck::Sequence<1, 0, 2>, 2, 16, 16, false, 1, 2, 2, ck::Sequence<1, 32, 1, 8>, ck::Sequence<8, 1, 8>, (ck::BlockGemmPipelineScheduler)0, (ck::BlockGemmPipelineVersion)2, 1, false, true, false, int, ck::f4x2_pk_t, ck::f4x2_pk_t>, true, (ck::InMemoryDataOperationEnum)0, 2, (ck::TailNumber)1>(ck::GridwiseMoeGemmMX_BPreshuffle<ck::tensor_layout::gemm::RowMajor, ck::tensor_layout::gemm::ColumnMajor, ck::Tuple<ck::tensor_layout::gemm::RowMajor, ck::tensor_layout::gemm::ColumnMajor, ck::tensor_layout::gemm::RowMajor>, ck::tensor_layout::gemm::RowMajor, ck::f4x2_pk_t, ck::e8m0_bexp_t, ck::f4x2_pk_t, ck::e8m0_bexp_t, float, float, ck::Tuple<float, float, float>, unsigned short, ck::tensor_operation::element_wise::PassThrough, ck::tensor_operation::element_wise::PassThrough, MulABScaleShuffled, (ck::tensor_operation::device::GemmSpecialization)0, 32, 256, 64, 128, 128, 16, 16, 16, 16, 4, 2, ck::Sequence<8, 32, 1>, ck::Sequence<1, 0, 2>, ck::Sequence<1, 0, 2>, 2, 16, 16, false, 1, ck::Sequence<8, 32, 1>, ck::Sequence<1, 0, 2>, ck::Sequence<1, 0, 2>, 2, 16, 16, false, 1, 2, 2, ck::Sequence<1, 32, 1, 8>, ck::Sequence<8, 1, 8>, (ck::BlockGemmPipelineScheduler)0, (ck::BlockGemmPipelineVersion)2, 1, false, true, false, int, ck::f4x2_pk_t, ck::f4x2_pk_t>::Argument)
void aiter::mxfp4_quant_moe_sort_kernel<std::bfloat16_t, opus::fp4_t, 256, 8>(opus::fp4_t*, unsigned char*, std::bfloat16_t const*, int const*, int const*, int, int, int, int, int, int, int, int, int)
void ck::kernel_moe_mxgemm_2lds<ck::GridwiseMoeGemmMX_BPreshuffle<ck::tensor_layout::gemm::RowMajor, ck::tensor_layout::gemm::ColumnMajor, ck::Tuple<ck::tensor_layout::gemm::RowMajor, ck::tensor_layout::gemm::ColumnMajor, ck::tensor_layout::gemm::RowMajor>, ck::tensor_layout::gemm::RowMajor, ck::f4x2_pk_t, ck::e8m0_bexp_t, ck::f4x2_pk_t, ck::e8m0_bexp_t, float, float, ck::Tuple<float, float, float>, unsigned short, ck::tensor_operation::element_wise::PassThrough, ck::tensor_operation::element_wise::PassThrough, MulABScaleExpertWeightShuffled, (ck::tensor_operation::device::GemmSpecialization)0, 32, 256, 64, 128, 128, 16, 16, 16, 16, 4, 2, ck::Sequence<8, 32, 1>, ck::Sequence<1, 0, 2>, ck::Sequence<1, 0, 2>, 2, 16, 16, false, 1, ck::Sequence<8, 32, 1>, ck::Sequence<1, 0, 2>, ck::Sequence<1, 0, 2>, 2, 16, 16, false, 1, 2, 2, ck::Sequence<1, 8, 1, 32>, ck::Sequence<2, 1, 2>, (ck::BlockGemmPipelineScheduler)0, (ck::BlockGemmPipelineVersion)2, 0, false, false, true, int, ck::f4x2_pk_t, ck::f4x2_pk_t>, true, (ck::InMemoryDataOperationEnum)1, 2, (ck::TailNumber)1>(ck::GridwiseMoeGemmMX_BPreshuffle<ck::tensor_layout::gemm::RowMajor, ck::tensor_layout::gemm::ColumnMajor, ck::Tuple<ck::tensor_layout::gemm::RowMajor, ck::tensor_layout::gemm::ColumnMajor, ck::tensor_layout::gemm::RowMajor>, ck::tensor_layout::gemm::RowMajor, ck::f4x2_pk_t, ck::e8m0_bexp_t, ck::f4x2_pk_t, ck::e8m0_bexp_t, float, float, ck::Tuple<float, float, float>, unsigned short, ck::tensor_operation::element_wise::PassThrough, ck::tensor_operation::element_wise::PassThrough, MulABScaleExpertWeightShuffled, (ck::tensor_operation::device::GemmSpecialization)0, 32, 256, 64, 128, 128, 16, 16, 16, 16, 4, 2, ck::Sequence<8, 32, 1>, ck::Sequence<1, 0, 2>, ck::Sequence<1, 0, 2>, 2, 16, 16, false, 1, ck::Sequence<8, 32, 1>, ck::Sequence<1, 0, 2>, ck::Sequence<1, 0, 2>, 2, 16, 16, false, 1, 2, 2, ck::Sequence<1, 8, 1, 32>, ck::Sequence<2, 1, 2>, (ck::BlockGemmPipelineScheduler)0, (ck::BlockGemmPipelineVersion)2, 0, false, false, true, int, ck::f4x2_pk_t, ck::f4x2_pk_t>::Argument)",,,,

# Data Sources:,,,,,,,,,
#   B200: /mnt/md0/zufa/ClaudeSkillsE2EPerf/results/b200_dsr_fp4/b200_dsr_fp4_mtp0_ep4_tp4_sglang059_profiling/layer_kernel_avg.csv,,,,,,,,,
#   MI355X: /mnt/md0/zufa/ClaudeSkillsE2EPerf/results/mi355x_dsr_mxfp4/mi355x_dsr_mxfp4_mtp0_ep4_tp4_rocm722_profiling/decode_breakdown_c64.xlsx,,,,,,,,,
# Checksum:,,,,,,,,,
#   OK: B200 sum=353.70 matches expected=353.4,,,,,,,,,
#   OK: MI355X sum=363.75 matches expected=363.75,,,,,,,,,
#   WARNING: 4 MI355X operators unmapped,,,,,,,,,
